id;description;user_idp_code;address;latitude;longitude;created_on
1;Michigan;port;Buckinghamshire;Human;National;2020-03-05T20:00:03
2;Florida index;European Monetary Unit (E.M.U.-6) quantify;Quality;program;GB Markets;2020-03-05T11:51:20
3;Trace Buckinghamshire Ergonomic Steel Mouse;Group;backing up process improvement;PNG Home Loan Account Georgia;interfaces Generic visualize;2020-03-05T21:35:26
4;transmit;strategy;Borders;Tuna user-centric FTP;Gorgeous Granite Sausages lavender;2020-03-05T15:08:29
5;Illinois Optimization;Argentine Peso Chicken Buckinghamshire;Steel Steel;Configuration Fish;Assimilated;2020-03-06T02:52:34
6;secured line Moroccan Dirham;web services Nevada Organized;withdrawal Adaptive empower;system-worthy Rustic;Metal deposit;2020-03-05T16:07:05
7;Borders black Borders;Guatemala 1080p;payment payment systems;Sports dot-com black;generating;2020-03-05T13:31:44
8;Utah;Intelligent Cotton Hat;override interface;functionalities Ameliorated;world-class;2020-03-05T10:23:56
9;Central;Money Market Account Garden;Fish back up District;plum iterate;Nevada Towels;2020-03-05T16:49:48
10;benchmark;salmon Human Customer;Investor;Holy See (Vatican City State) Oman;Senior;2020-03-06T01:48:48
