id;file_link;file;file_content_type
1;Object-based Mouse SDR;../fake-data/blob/hipster.png;image/png
2;International;../fake-data/blob/hipster.png;image/png
3;synergies Music e-services;../fake-data/blob/hipster.png;image/png
4;Director;../fake-data/blob/hipster.png;image/png
5;Checking Account AI fuchsia;../fake-data/blob/hipster.png;image/png
6;Incredible Soft Hat 4th generation Washington;../fake-data/blob/hipster.png;image/png
7;Awesome Product Viaduct;../fake-data/blob/hipster.png;image/png
8;FTP Berkshire;../fake-data/blob/hipster.png;image/png
9;applications Ridges;../fake-data/blob/hipster.png;image/png
10;program Route redefine;../fake-data/blob/hipster.png;image/png
